﻿<CustomObject Id="10034" Name="scConfig" CoLabel="scConfig" Description="" DesignerData="" IsAgentVisible="True" IsAnalyticsVisible="True" IsSubclass="False" IsMenu="False" IsMenuOnlyClass="False" HasLabels="False" HasDescription="False" HasNotes="False" HasFileAttachment="False" IsLogTransactionsEnabled="True" HasUserTransactions="False" HasSequence="False" AllowsSPMSuppression="False"><Package Name="SvcVentures" Id="7" /><InterfaceLabels><InterfaceLabel Language="en_US" Label="scConfig" Description="" /></InterfaceLabels><Keys><Key Id="10087" KeyType="1"><Fields><Field Id="10243" /></Fields></Key><Key Id="10088" KeyType="3"><Fields><Field Id="10244" /></Fields></Key><Key Id="10089" KeyType="3"><Fields><Field Id="10246" /></Fields></Key><Key Id="10090" KeyType="3"><Fields><Field Id="10248" /></Fields></Key><Key Id="10100" KeyType="3"><Fields><Field Id="10278" /></Fields></Key></Keys><Fields><Field Id="10243" Label="ID" Description="System Field" Name="ID" DataTypeName="Integer" DataType="1" IsNullable="False" IsList="False" IsLookup="True" IsCoReadOnly="False" IsAutoUpdate="False" IsSequence="False" IsSystemField="True" /><Field Id="10244" Label="Updated By" Description="System Field" Name="UpdatedByAccount" DataTypeName="Menu" DataType="6" IsNullable="True" IsList="False" IsLookup="False" IsCoReadOnly="True" IsAutoUpdate="True" IsSequence="False" IsSystemField="True" ServerDefaultValue="curAdminUser" OptListId="2" /><Field Id="10245" Label="Date Last Updated" Description="System Field" Name="UpdatedTime" DataTypeName="Date Time" DataType="5" IsNullable="True" IsList="False" IsLookup="False" IsCoReadOnly="True" IsAutoUpdate="True" IsSequence="False" IsSystemField="True" ServerDefaultValue="curTime" /><Field Id="10246" Label="Created By" Description="System Field" Name="CreatedByAccount" DataTypeName="Menu" DataType="6" IsNullable="True" IsList="False" IsLookup="False" IsCoReadOnly="True" IsAutoUpdate="False" IsSequence="False" IsSystemField="True" ServerDefaultValue="curAdminUser" OptListId="2" /><Field Id="10247" Label="Date Created" Description="System Field" Name="CreatedTime" DataTypeName="Date Time" DataType="5" IsNullable="True" IsList="False" IsLookup="False" IsCoReadOnly="True" IsAutoUpdate="False" IsSequence="False" IsSystemField="True" ServerDefaultValue="curTime" /><Field Id="10248" Label="Field" Name="Field" DataTypeName="Text" DataType="2" IsNullable="False" IsList="False" IsLookup="False" IsCoReadOnly="False" IsAutoUpdate="False" IsSequence="False" IsSystemField="False" MaxLength="255" Pattern="" Usage="PlainText" /><Field Id="10249" Label="Value" Name="Value" DataTypeName="Text" DataType="2" IsNullable="True" IsList="False" IsLookup="False" IsCoReadOnly="False" IsAutoUpdate="False" IsSequence="False" IsSystemField="False" MaxLength="" Pattern="" Usage="LongText" /><Field Id="10278" Label="Signature" Name="Signature" DataTypeName="Text" DataType="2" IsNullable="False" IsList="False" IsLookup="False" IsCoReadOnly="False" IsAutoUpdate="False" IsSequence="False" IsSystemField="False" MaxLength="40" Pattern="" Usage="PlainText" /></Fields><Notes /></CustomObject><!--O5sf6RYgfHYxy/joigYt7NVQBs8KFa5kYYE8-->