﻿<CustomObject Id="10036" Name="scLogXref" CoLabel="scLogXref" Description="" DesignerData="" IsAgentVisible="True" IsAnalyticsVisible="True" IsSubclass="False" IsMenu="False" IsMenuOnlyClass="False" HasLabels="False" HasDescription="False" HasNotes="False" HasFileAttachment="False" IsLogTransactionsEnabled="True" HasUserTransactions="False" HasSequence="False" AllowsSPMSuppression="False"><Package Name="SvcVentures" Id="7" /><InterfaceLabels><InterfaceLabel Language="en_US" Label="scLogXref" Description="" /></InterfaceLabels><Keys><Key Id="10093" KeyType="1"><Fields><Field Id="10262" /></Fields></Key><Key Id="10094" KeyType="3"><Fields><Field Id="10263" /></Fields></Key><Key Id="10095" KeyType="3"><Fields><Field Id="10265" /></Fields></Key><Key Id="10096" KeyType="3"><Fields><Field Id="10264" /></Fields></Key></Keys><Fields><Field Id="10262" Label="ID" Description="System Field" Name="ID" DataTypeName="Integer" DataType="1" IsNullable="False" IsList="False" IsLookup="True" IsCoReadOnly="False" IsAutoUpdate="False" IsSequence="False" IsSystemField="True" /><Field Id="10263" Label="scLog" Name="scLog" DataTypeName="Integer" DataType="1" IsNullable="True" IsList="False" IsLookup="False" IsCoReadOnly="False" IsAutoUpdate="False" IsSequence="False" IsSystemField="False" /><Field Id="10264" Label="Contact" Name="Contact" DataTypeName="Integer" DataType="1" IsNullable="True" IsList="False" IsLookup="False" IsCoReadOnly="False" IsAutoUpdate="False" IsSequence="False" IsSystemField="False" /><Field Id="10265" Label="Incident" Name="Incident" DataTypeName="Integer" DataType="1" IsNullable="True" IsList="False" IsLookup="False" IsCoReadOnly="False" IsAutoUpdate="False" IsSequence="False" IsSystemField="False" /></Fields><Notes /></CustomObject><!--n13MAp8mRIxspDTlSNBP9BFRiUY5sF5Rkw==-->